{
    "env": {
        "test": {
            "presets": [["@babel/preset-react", { "runtime": "automatic" }]],
            "plugins": [
                [
                    "auto-import",
                    {
                        "declarations": [{ "default": "React", "path": "react" }]
                    }
                ]
            ]
        }
    },
    "presets": [
        ["@babel/preset-env", { "modules": false }],
        ["@babel/preset-react", { "runtime": "classic" }]
    ]
}
